INSERT INTO `Account`(`id`,`userId`,`type`,`provider`,`providerAccountId`,`refresh_token`,`access_token`,`expires_at`,`token_type`,`scope`,`id_token`,`session_state`) VALUES
("cli5ha6ni0003l508pew1bosj","cli5ha6a00000l5087smpnshj","oauth","discord","988591322254422026","xgejMZ2jOtmSBlcvmWVn88JfAbHq5n","wke9fAPueLBEFxTKKi3MBtaktEgaWx",1685765686,"Bearer","email identify",NULL,NULL),
("cli88xb5j0003mg0861q1bst2","cli88xb4n0000mg088y7gkjjo","oauth","discord","1112571279124476004","BsPGP2LIJe01p5MQk9rxePlJRRhk5q","WFcAEUpbYc7v9fHILF9ADLPNQFHzF5",1685933048,"Bearer","identify email",NULL,NULL);
INSERT INTO `Like`(`userId`,`postId`) VALUES
("cli5ha6a00000l5087smpnshj","09763125-8085-4355-9646-c1c71eab6a3d"),
("cli5ha6a00000l5087smpnshj","12b37bb7-73a2-424e-86f0-4ce582b38c66"),
("cli5ha6a00000l5087smpnshj","1760cb40-6dd9-48e9-8d3d-a797b22f7c1a"),
("cli5ha6a00000l5087smpnshj","2a4e2dc4-b5af-4399-a6c4-98af2b9675b1"),
("cli5ha6a00000l5087smpnshj","2cce4779-bede-40fb-85c3-a48d0d084dd3"),
("cli5ha6a00000l5087smpnshj","48bf3add-b30c-4863-86a2-3962a46daa92"),
("cli5ha6a00000l5087smpnshj","56699599-4244-4db6-9dc6-b81f2c30825c"),
("cli5ha6a00000l5087smpnshj","69d2a930-214d-417d-aa98-7145d9f2a249"),
("cli5ha6a00000l5087smpnshj","7da807e3-27e2-4d75-ae40-ad4ae372628b"),
("cli5ha6a00000l5087smpnshj","7f382e06-8997-4b18-a8b7-0bd921adb42b"),
("cli5ha6a00000l5087smpnshj","86f6ff8d-bf01-403d-9277-f1b97326301d"),
("cli5ha6a00000l5087smpnshj","b11507cb-571d-412a-a626-7e131eb2c158"),
("cli5ha6a00000l5087smpnshj","c7d9f5bd-4a54-4cde-aa10-3426a37484c0"),
("cli5ha6a00000l5087smpnshj","d7a50f6c-de3f-4068-9379-d5ffde31bcbf"),
("cli5ha6a00000l5087smpnshj","dc384c99-0217-48ae-865b-89a04451c618"),
("cli5ha6a00000l5087smpnshj","de744bc8-f507-4626-b59f-b99cdc410d77"),
("cli5ha6a00000l5087smpnshj","e2bae493-90d6-4af0-beac-cbb8e6d6115b"),
("cli88xb4n0000mg088y7gkjjo","09763125-8085-4355-9646-c1c71eab6a3d"),
("cli88xb4n0000mg088y7gkjjo","56699599-4244-4db6-9dc6-b81f2c30825c"),
("cli88xb4n0000mg088y7gkjjo","69d2a930-214d-417d-aa98-7145d9f2a249");
INSERT INTO `Post`(`id`,`userId`,`content`,`createdAt`,`image`) VALUES
("12b37bb7-73a2-424e-86f0-4ce582b38c66","cli5ha6a00000l5087smpnshj","","2023-08-29 13:50:37.085","https://res.cloudinary.com/dbhsn1hmv/image/upload/v1693317033/uploaded-images/cg6nupbyaq23e1d4p16n.jpg"),
("1d1dac46-2272-46b8-8b2c-2dd214ba55b1","cli5ha6a00000l5087smpnshj","West Seattle","2023-09-25 23:33:17.890","https://res.cloudinary.com/dbhsn1hmv/image/upload/v1695684778/uploaded-images/j2f3kyf6bmhjbpoujwoc.jpg"),
("2cce4779-bede-40fb-85c3-a48d0d084dd3","cli5ha6a00000l5087smpnshj","International District - Seattle, WA","2023-06-12 01:07:33.002","https://res.cloudinary.com/dbhsn1hmv/image/upload/v1686532021/uploaded-images/gfrezzelouffjep9joam.jpg"),
("48bf3add-b30c-4863-86a2-3962a46daa92","cli5ha6a00000l5087smpnshj","","2023-07-06 15:58:13.829","https://res.cloudinary.com/dbhsn1hmv/image/upload/v1688659089/uploaded-images/fm7oz5qejh5pedgeozpz.jpg"),
("536296e1-539b-4f1a-9bd4-ee97bbf84d18","cli5ha6a00000l5087smpnshj","","2023-11-08 04:46:26.215","https://res.cloudinary.com/dbhsn1hmv/image/upload/v1699418774/uploaded-images/tejwayisazxuc4sg1fgz.jpg"),
("64a53af2-9525-423e-bf43-637d70341a70","cli5ha6a00000l5087smpnshj","","2023-07-17 17:18:50.196",""),
("7970a3e7-74b7-4e9e-bc38-93cae2485dd5","cli5ha6a00000l5087smpnshj","West Seattle sunset in October.","2023-10-31 17:57:36.822","https://res.cloudinary.com/dbhsn1hmv/image/upload/v1698775038/uploaded-images/txh1tbjtrhvnexumjgxi.jpg"),
("7da807e3-27e2-4d75-ae40-ad4ae372628b","cli5ha6a00000l5087smpnshj","","2023-08-22 12:22:18.397","https://res.cloudinary.com/dbhsn1hmv/image/upload/v1692706934/uploaded-images/tagocgn6rtihzs0drghv.jpg"),
("7f382e06-8997-4b18-a8b7-0bd921adb42b","cli5ha6a00000l5087smpnshj","Seattle, WA","2023-08-29 13:56:00.542","https://res.cloudinary.com/dbhsn1hmv/image/upload/v1693317334/uploaded-images/qjrgu5glij3ryj2xei0c.jpg"),
("8b29b2d4-eeb1-4198-9a74-42608e32eb34","cli5ha6a00000l5087smpnshj","","2023-09-11 15:50:58.934","https://res.cloudinary.com/dbhsn1hmv/image/upload/v1694447454/uploaded-images/jdumctg6yq2lca2jebmw.jpg"),
("b11507cb-571d-412a-a626-7e131eb2c158","cli5ha6a00000l5087smpnshj","","2023-06-26 21:43:44.472","https://res.cloudinary.com/dbhsn1hmv/image/upload/v1687815816/uploaded-images/xzfyrkah4ouhfytkpynl.jpg"),
("c7d9f5bd-4a54-4cde-aa10-3426a37484c0","cli5ha6a00000l5087smpnshj","From Seward Park - Seattle, WA","2023-06-12 01:36:25.415","https://res.cloudinary.com/dbhsn1hmv/image/upload/v1686533749/uploaded-images/sivsfdn4cbyq0rcl1u1b.jpg"),
("d7a50f6c-de3f-4068-9379-d5ffde31bcbf","cli5ha6a00000l5087smpnshj","Can Can Theatre - Seattle, WA","2023-06-12 01:46:20.940","https://res.cloudinary.com/dbhsn1hmv/image/upload/v1686534317/uploaded-images/n6io151axgxgc2z8cklm.jpg"),
("dc384c99-0217-48ae-865b-89a04451c618","cli5ha6a00000l5087smpnshj","","2023-07-17 17:18:39.452","https://res.cloudinary.com/dbhsn1hmv/image/upload/v1689614312/uploaded-images/fo672prfxkc6vg7lypev.jpg"),
("e2bae493-90d6-4af0-beac-cbb8e6d6115b","cli5ha6a00000l5087smpnshj","","2023-06-24 14:50:41.056","https://res.cloudinary.com/dbhsn1hmv/image/upload/v1687618236/uploaded-images/djihepwfukvcsaksqja0.jpg"),
("ec917c0b-577c-4736-bb63-ca91da07bdf4","cli5ha6a00000l5087smpnshj","","2023-11-09 15:26:38.265","https://res.cloudinary.com/dbhsn1hmv/image/upload/v1699543578/uploaded-images/zjypyqmvkregmz2cr00j.jpg");
INSERT INTO `Session`(`id`,`sessionToken`,`userId`,`expires`) VALUES
("cli92dg1j0001l308i0s7vzmy","cdf02219-0253-4e74-9c99-8f3ce166aa04","cli5ha6a00000l5087smpnshj","2023-07-05 13:26:50.210"),
("clis6geiv0001l508ucgk844a","8e64ad75-aa9f-4693-bcfa-af47501a8c40","cli5ha6a00000l5087smpnshj","2023-07-16 03:46:17.819"),
("clisa5ksa0001l608rv145v10","d9ceca99-ff85-4f0c-83a5-8ecc4e69ff7b","cli5ha6a00000l5087smpnshj","2023-11-18 13:19:26.248"),
("clmf1zg880001mo08o0ehx6il","b16c538e-b4bb-482e-8f2c-9a844752313c","cli5ha6a00000l5087smpnshj","2023-10-17 23:11:17.175"),
("cloems5z30001k008286al2ll","3faf7208-4b4d-45c8-8028-d1704c2f2fb9","cli5ha6a00000l5087smpnshj","2023-12-29 04:01:51.749");
INSERT INTO `User`(`id`,`name`,`email`,`emailVerified`,`image`) VALUES
("cli5ha6a00000l5087smpnshj","kxpfer.nx","kxpfer.nx@gmail.com",NULL,"https://cdn.discordapp.com/avatars/988591322254422026/dfe5de4a43fbc3b47253782643805fea.png"),
("cli88xb4n0000mg088y7gkjjo","kupfer","kupfer.neon@gmail.com",NULL,"https://cdn.discordapp.com/embed/avatars/2.png");
INSERT INTO `_Followers`(`A`,`B`) VALUES
("cli5ha6a00000l5087smpnshj","cli88xb4n0000mg088y7gkjjo");
